{
    "(and :count more error)": "(and :count more error)",
    "(and :count more errors)": "(and :count more errors)",
    "If you're having trouble clicking the \":actionText\" button, copy and paste the URL below\ninto your web browser:": "If you're having trouble clicking the \":actionText\" button, copy and paste the URL below\ninto your web browser:",
    "The :attribute must contain at least one letter.": "The :attribute must contain at least one letter.",
    "The :attribute must contain at least one number.": "The :attribute must contain at least one number.",
    "The :attribute must contain at least one symbol.": "The :attribute must contain at least one symbol.",
    "The :attribute must contain at least one uppercase and one lowercase letter.": "The :attribute must contain at least one uppercase and one lowercase letter.",
    "The given :attribute has appeared in a data leak. Please choose a different :attribute.": "The given :attribute has appeared in a data leak. Please choose a different :attribute.",
    "The given data was invalid.": "The given data was invalid."
}
